{
  "metadata": {
    "name": "WattpadVN",
    "author": "3690",
    "version": 2,
    "source": "https://www.wattpadvn.com/",
    "regexp": "(www.)?wattpadvn.com/[^/]+",
    "description": "Đọc truyện trên wattpadvn.com",
    "locale": "vi_VN",
    "language": "javascript",
    "type": "novel",
    "encrypt": true
  },
  "script": {
    "home": "home.js",
    "detail": "detail.js",
    "page": "page.js",
    "toc": "toc.js",
    "search": "search.js",
    "genre": "genre.js",
    "chap": "chap.js"
  }
}