{
  "metadata": {
    "name": "Truyện sexTV",
    "author": "3690",
    "version": 4,
    "source": "https://truyensextv99.com/",
    "regexp": "https?:\\/\\/truyensextv\\d+\\.com\\/.+$",
    "description": "đọc truyện sex",
    "locale": "vi_VN",
    "type": "novel",
    "language": "javascript",
    "tag": "nsfw",
    "encrypt": true
  },
  "script": {
    "home": "home.js",
    "detail": "detail.js",
    "toc": "toc.js",
    "search": "search.js",
    "genre": "genre.js",
    "chap": "chap.js"
  },
  "config": {
    "CONFIG_URL": {
      "title": "Domain",
      "mode": "input",
      "format": "text",
      "default": "https://truyensextv99.com"
    }
  }
}